metric,SSE,accuracy,iterations,time_sec
euclidean,116603.40966382847,0.6143,47,2.302
cosine,738.0958959978138,0.626,27,1.538
jaccard,1939.4518772230895,0.4687,2,1.018
